Jméno obce,Okres,Kraj,Počet voličů,Počet odevzdaných hlasů,Počet platných hlasů,Počet volebních okrsků,Číslo obce,Občanská demokratická strana,Řád národa - Vlastenecká unie,CESTA ODPOVĚDNÉ SPOLEČNOSTI,Česká str.sociálně demokrat.,Radostné Česko,STAROSTOVÉ A NEZÁVISLÍ,Komunistická str.Čech a Moravy,Strana zelených,"ROZUMNÍ-stop migraci,diktát.EU",Strana svobodných občanů,Blok proti islam.-Obran.domova,Občanská demokratická aliance,Česká pirátská strana,Referendum o Evropské unii,TOP 09,ANO 2011,Dobrá volba 2016,SPR-Republ.str.Čsl. M.Sládka,Křesť.demokr.unie-Čs.str.lid.,REALISTÉ,SPORTOVCI,Dělnic.str.sociální spravedl.,Svob.a př.dem.-T.Okamura (SPD),Strana Práv Občanů
Běstvina,Chrudim,Pardubický kraj,440,247,246,1,571181,28,0,0,10,0,6,17,3,2,0,0,0,24,0,3,110,0,2,17,4,0,0,20,0
Biskupice,Chrudim,Pardubický kraj,52,34,34,1,573949,2,0,0,5,0,0,2,0,0,0,0,0,2,0,0,17,0,0,3,0,0,0,3,0
Bítovany,Chrudim,Pardubický kraj,330,215,214,1,505005,26,0,0,16,0,10,26,0,2,6,0,0,25,0,6,74,0,0,4,2,0,3,14,0
Bojanov,Chrudim,Pardubický kraj,537,357,356,1,571202,31,1,1,34,0,20,27,0,5,7,0,1,31,0,12,87,0,1,35,0,2,1,58,2
Bor u Skutče,Chrudim,Pardubický kraj,118,83,83,1,547867,10,0,1,9,0,11,6,1,3,0,0,0,7,0,3,15,0,2,4,1,0,0,10,0
Bořice,Chrudim,Pardubický kraj,148,81,81,1,571229,13,0,0,2,0,9,15,2,0,2,1,0,7,0,0,18,0,0,3,0,1,1,6,1
Bousov,Chrudim,Pardubický kraj,172,111,110,1,571237,3,1,0,5,1,6,11,2,0,2,0,1,10,0,0,46,0,1,4,2,0,0,14,1
Bylany,Chrudim,Pardubický kraj,301,203,203,1,571245,19,0,0,17,0,6,16,2,0,1,1,0,25,0,6,76,0,0,13,0,0,1,20,0
Ctětín,Chrudim,Pardubický kraj,223,141,140,1,571253,6,0,0,9,0,4,27,4,1,0,0,0,12,1,5,49,0,1,3,1,1,2,13,1
Čankovice,Chrudim,Pardubický kraj,269,158,157,1,571270,8,1,0,12,0,4,20,1,5,2,0,0,18,0,3,55,0,1,10,3,0,2,12,0
České Lhotice,Chrudim,Pardubický kraj,90,69,68,1,571296,9,0,0,12,0,4,3,1,2,1,0,0,5,0,1,18,0,0,7,0,0,0,5,0
Dědová,Chrudim,Pardubický kraj,116,76,75,1,571300,1,0,0,6,0,4,14,1,0,1,0,0,3,0,0,25,0,0,17,0,0,0,3,0
Dolní Bezděkov,Chrudim,Pardubický kraj,160,94,94,1,505030,13,0,0,8,0,1,19,1,2,4,0,2,6,0,1,26,0,0,3,0,0,0,8,0
Dřenice,Chrudim,Pardubický kraj,323,197,197,1,504301,14,0,0,23,0,6,12,3,1,2,0,2,19,0,10,78,0,1,3,1,0,0,22,0
Dvakačovice,Chrudim,Pardubický kraj,118,80,79,1,504955,9,0,0,2,0,8,6,0,0,4,0,0,9,0,3,21,0,0,3,0,0,0,14,0
Hamry,Chrudim,Pardubický kraj,195,103,100,1,571377,14,0,0,7,3,1,3,0,1,1,1,0,5,0,1,40,0,1,4,1,0,0,17,0
Heřmanův Městec,Chrudim,Pardubický kraj,3955,2406,2388,7,571385,282,3,1,129,1,60,149,26,9,41,1,1,275,3,77,771,1,2,315,20,2,3,199,17
Hlinsko,Chrudim,Pardubický kraj,7979,5087,5054,15,571393,469,8,5,502,5,120,471,33,34,68,1,6,460,2,124,1732,6,14,430,20,5,8,460,71
Hluboká,Chrudim,Pardubický kraj,155,104,103,1,571407,5,0,0,7,0,4,4,0,4,0,0,0,12,0,1,24,0,0,28,1,0,1,12,0
Hodonín,Chrudim,Pardubický kraj,66,46,45,1,547794,6,0,0,3,0,0,3,0,0,1,0,0,0,0,1,14,0,0,12,0,0,0,5,0
Holetín,Chrudim,Pardubický kraj,644,426,423,1,571440,46,1,0,25,1,8,33,3,4,4,0,1,24,0,10,170,0,3,23,0,1,2,57,7
Honbice,Chrudim,Pardubický kraj,145,84,84,2,571458,2,0,0,8,0,4,5,1,1,0,0,0,3,0,5,39,0,0,10,0,0,0,6,0
Horka,Chrudim,Pardubický kraj,322,221,221,2,571466,24,1,0,23,0,18,12,1,1,2,1,1,13,0,16,70,0,1,12,5,0,2,18,0
Horní Bradlo,Chrudim,Pardubický kraj,392,259,258,1,571474,37,0,4,26,0,12,35,4,1,6,0,0,20,0,8,73,0,0,9,2,1,0,19,1
Hošťalovice,Chrudim,Pardubický kraj,114,72,72,1,571482,4,0,0,5,0,3,14,0,1,0,0,0,9,0,0,22,0,0,3,0,0,0,11,0
Hrochův Týnec,Chrudim,Pardubický kraj,1551,885,879,3,571491,86,1,0,48,2,49,85,9,11,7,1,2,85,0,27,271,0,1,85,3,1,8,96,1
Hroubovice,Chrudim,Pardubický kraj,283,161,161,1,571504,19,0,0,10,0,7,17,3,0,2,0,0,17,0,2,51,0,1,6,0,1,2,23,0
Chrast,Chrudim,Pardubický kraj,2467,1466,1454,5,571539,135,1,3,116,0,62,170,10,15,15,0,1,124,0,42,449,3,2,77,2,6,4,207,10
Chroustovice,Chrudim,Pardubický kraj,1006,608,606,2,571547,59,0,0,76,0,34,59,10,11,5,0,3,39,0,10,192,1,1,22,3,3,2,72,4
Chrudim,Chrudim,Pardubický kraj,18485,11588,11518,29,571164,1445,10,25,897,11,655,813,157,74,284,11,15,1310,11,581,3442,8,15,555,90,19,14,1039,37
Jeníkov,Chrudim,Pardubický kraj,361,241,241,1,547816,6,0,1,24,0,13,11,2,2,3,0,0,15,1,7,91,0,0,53,0,0,0,11,1
Jenišovice,Chrudim,Pardubický kraj,347,202,201,2,571563,22,1,1,12,0,15,15,2,5,2,0,1,29,0,6,51,2,0,19,2,0,0,14,2
Kameničky,Chrudim,Pardubický kraj,627,438,432,2,571571,26,0,0,32,0,13,24,4,1,4,0,0,26,0,9,134,0,0,118,4,0,0,34,3
Kladno,Chrudim,Pardubický kraj,205,141,141,1,571580,7,0,0,13,0,2,15,1,2,0,0,0,10,0,2,41,0,1,23,1,0,3,13,7
Klešice,Chrudim,Pardubický kraj,303,193,193,1,573787,23,0,0,14,0,11,17,1,4,0,0,0,35,0,6,56,0,0,9,0,0,0,16,1
Kněžice,Chrudim,Pardubický kraj,125,82,82,1,574007,3,0,0,1,0,2,15,0,1,1,0,0,8,0,2,31,0,1,7,0,0,0,10,0
Kočí,Chrudim,Pardubický kraj,499,353,347,1,571610,42,0,0,23,1,27,24,2,4,12,0,1,18,0,11,109,1,0,13,10,0,0,49,0
Kostelec u Heřmanova Městce,Chrudim,Pardubický kraj,284,194,191,1,571628,13,0,0,10,0,4,21,1,0,5,1,0,20,2,17,61,0,1,10,1,0,0,24,0
Krásné,Chrudim,Pardubický kraj,128,100,100,1,571652,6,0,0,13,0,4,14,0,0,0,0,0,8,0,0,37,0,0,4,0,0,0,13,1
Krouna,Chrudim,Pardubický kraj,1142,743,738,4,571661,78,1,0,34,0,48,57,7,6,10,0,0,76,1,15,242,0,0,88,6,1,3,61,4
Křižanovice,Chrudim,Pardubický kraj,96,61,61,1,547824,9,0,0,21,0,3,1,2,0,0,0,0,3,0,2,13,0,0,0,0,0,0,7,0
Lány,Chrudim,Pardubický kraj,201,144,142,1,504807,11,0,0,10,2,10,3,1,1,4,0,0,15,0,3,61,0,0,15,2,0,0,4,0
Leštinka,Chrudim,Pardubický kraj,127,84,83,1,571709,1,0,2,9,0,10,9,0,1,1,0,0,9,0,1,28,0,0,5,0,0,0,7,0
Libkov,Chrudim,Pardubický kraj,76,63,62,1,571725,1,0,0,6,0,1,5,1,0,0,0,0,3,0,8,25,0,1,6,1,0,0,4,0
Liboměřice,Chrudim,Pardubický kraj,119,95,94,1,571733,3,1,0,7,0,6,5,0,3,1,0,0,6,0,2,35,0,0,13,3,0,0,9,0
Licibořice,Chrudim,Pardubický kraj,199,151,150,1,547832,8,0,0,2,0,8,12,1,3,3,0,0,24,0,8,44,0,2,18,0,0,0,17,0
Lipovec,Chrudim,Pardubický kraj,203,131,131,1,547875,5,0,1,6,0,18,13,0,4,0,0,0,11,1,1,55,0,1,6,0,0,0,9,0
Lozice,Chrudim,Pardubický kraj,133,81,80,1,571750,7,0,0,6,0,4,12,0,0,1,0,0,12,1,4,22,0,0,0,0,0,0,11,0
Lukavice,Chrudim,Pardubický kraj,683,471,470,1,571768,39,0,2,47,0,28,63,4,2,4,1,1,46,1,9,167,0,0,15,4,0,1,35,1
Luže,Chrudim,Pardubický kraj,2158,1309,1302,6,571776,122,3,2,126,2,57,114,10,11,15,1,1,126,2,59,393,0,2,133,3,3,3,110,4
Míčov-Sušice,Chrudim,Pardubický kraj,238,129,128,1,571822,9,0,0,9,0,1,22,2,2,1,0,0,12,0,2,45,0,0,3,1,0,0,19,0
Miřetice,Chrudim,Pardubický kraj,1042,656,655,2,571831,47,2,1,66,0,25,72,5,10,4,0,0,87,0,11,236,0,0,32,2,1,3,51,0
Mladoňovice,Chrudim,Pardubický kraj,273,199,198,1,571857,16,0,0,11,0,6,20,3,3,5,0,0,29,0,0,66,0,0,27,1,0,0,11,0
Morašice,Chrudim,Pardubický kraj,564,385,383,4,571873,18,0,0,38,1,18,26,5,6,5,0,0,49,0,9,149,1,2,26,3,0,1,26,0
Mrákotín,Chrudim,Pardubický kraj,291,204,204,1,554847,31,0,0,9,2,6,19,1,0,2,0,0,16,2,7,62,0,0,24,0,0,1,22,0
Nabočany,Chrudim,Pardubický kraj,99,55,55,1,571890,6,0,0,1,0,3,16,0,0,0,0,0,7,0,0,8,0,0,5,0,0,0,9,0
Načešice,Chrudim,Pardubický kraj,469,296,294,2,571903,20,0,0,16,1,11,34,1,6,0,0,0,23,0,9,119,0,1,9,0,2,0,42,0
Nasavrky,Chrudim,Pardubický kraj,1330,865,864,1,571911,69,1,1,73,0,39,106,13,4,29,1,0,75,2,27,269,0,0,54,4,0,2,94,1
Orel,Chrudim,Pardubický kraj,632,431,427,1,571962,25,1,0,24,1,29,35,2,8,5,1,2,58,0,11,146,0,3,16,2,1,4,48,5
Ostrov,Chrudim,Pardubický kraj,158,78,78,1,574104,10,0,0,4,0,11,14,0,1,0,0,0,1,0,2,29,0,0,1,0,0,0,5,0
Otradov,Chrudim,Pardubický kraj,231,157,156,1,554952,12,0,0,33,0,6,16,0,1,5,0,0,12,0,3,42,0,1,9,1,0,2,12,1
Perálec,Chrudim,Pardubický kraj,215,149,149,1,572004,4,0,0,8,0,18,19,3,0,0,0,0,17,1,5,38,0,1,17,3,0,0,14,1
Podhořany u Ronova,Chrudim,Pardubický kraj,233,128,128,1,572039,5,0,0,14,0,5,14,0,2,0,1,0,9,0,3,55,0,0,2,0,1,0,17,0
Pokřikov,Chrudim,Pardubický kraj,201,116,115,1,572063,6,0,0,11,0,6,16,0,1,1,0,0,7,0,2,35,0,1,13,0,1,1,9,5
Prachovice,Chrudim,Pardubický kraj,1116,519,517,1,572071,35,3,0,26,2,16,46,6,5,4,0,0,55,0,12,211,0,3,13,0,2,1,76,1
Proseč,Chrudim,Pardubický kraj,1764,1094,1086,4,572080,77,9,2,75,1,110,104,16,8,10,0,2,84,3,30,310,1,2,145,7,1,0,84,5
Prosetín,Chrudim,Pardubický kraj,647,428,425,1,572098,35,1,2,45,1,13,36,1,10,1,0,0,46,0,8,135,0,1,28,0,3,0,58,1
Předhradí,Chrudim,Pardubický kraj,362,211,205,1,572101,17,0,1,17,0,10,18,1,2,1,0,2,12,0,4,57,0,0,36,0,0,2,25,0
Přestavlky,Chrudim,Pardubický kraj,185,121,121,1,572110,10,0,0,8,0,9,16,2,2,1,0,0,10,1,1,28,1,1,7,1,0,0,23,0
Rabštejnská Lhota,Chrudim,Pardubický kraj,606,451,451,2,556882,59,1,1,16,0,40,20,5,4,9,0,0,74,0,20,158,0,1,10,2,1,1,27,2
Raná,Chrudim,Pardubický kraj,297,223,221,3,572152,7,0,0,15,0,8,18,1,1,1,0,1,20,0,6,83,0,0,37,0,1,0,22,0
Ronov nad Doubravou,Chrudim,Pardubický kraj,1344,798,790,3,572161,62,3,0,57,2,35,77,7,7,10,1,1,75,1,21,323,2,1,35,2,3,0,59,6
Rosice,Chrudim,Pardubický kraj,1090,630,626,4,572179,38,1,2,56,1,80,59,7,8,3,0,1,43,1,9,197,3,0,37,6,2,2,69,1
Rozhovice,Chrudim,Pardubický kraj,219,144,144,1,547808,10,0,0,12,3,5,17,0,2,3,0,0,13,0,0,45,0,0,3,3,0,1,25,2
Řestoky,Chrudim,Pardubický kraj,384,260,260,1,572217,25,0,0,18,0,11,24,4,2,1,0,0,20,0,5,81,0,0,26,2,0,1,40,0
Seč,Chrudim,Pardubický kraj,1521,920,914,3,572225,97,1,1,84,2,25,115,4,9,11,0,2,90,0,27,302,2,5,41,4,2,2,85,3
Skuteč,Chrudim,Pardubický kraj,4228,2559,2551,14,572241,259,6,1,186,0,82,277,18,32,24,1,4,203,0,67,855,1,2,196,13,4,4,300,16
Slatiňany,Chrudim,Pardubický kraj,3377,2125,2095,6,572268,217,5,5,137,0,142,178,23,14,38,1,1,232,1,91,655,0,6,119,20,5,6,194,5
Smrček,Chrudim,Pardubický kraj,97,68,66,1,573817,3,0,0,8,0,5,5,0,0,3,0,0,8,0,6,18,0,0,3,2,0,0,4,1
Sobětuchy,Chrudim,Pardubický kraj,711,506,505,1,572276,70,0,0,27,0,34,24,8,7,6,1,0,70,0,23,146,1,0,38,1,0,3,44,2
Stolany,Chrudim,Pardubický kraj,319,201,199,1,547891,19,0,0,10,1,12,15,2,2,3,0,2,21,0,7,77,0,1,16,0,0,0,10,1
Střemošice,Chrudim,Pardubický kraj,151,85,85,1,572314,5,0,0,7,0,9,5,5,1,0,1,0,2,0,3,26,0,0,14,1,0,0,5,1
Studnice,Chrudim,Pardubický kraj,379,243,241,1,572322,15,0,0,26,0,2,24,2,1,1,0,0,23,0,2,93,0,0,33,2,0,0,13,4
Svídnice,Chrudim,Pardubický kraj,366,239,238,1,572331,33,1,1,3,0,14,17,4,2,10,0,0,33,1,18,80,0,0,7,0,0,1,13,0
Svratouch,Chrudim,Pardubický kraj,707,503,503,1,572349,44,0,0,39,1,76,58,4,5,8,0,0,37,0,18,130,0,1,46,2,1,0,32,1
Tisovec,Chrudim,Pardubický kraj,272,154,151,1,572381,6,0,0,15,0,8,14,2,3,0,0,0,20,0,3,63,0,0,10,0,0,0,7,0
Trhová Kamenice,Chrudim,Pardubický kraj,757,510,504,1,572390,34,0,1,39,1,19,46,6,1,11,2,0,34,1,13,184,0,1,25,2,0,0,61,23
Trojovice,Chrudim,Pardubický kraj,154,99,99,1,572403,7,0,0,7,0,4,10,1,0,4,0,0,9,0,4,22,0,0,10,1,0,0,20,0
Třemošnice,Chrudim,Pardubický kraj,2471,1441,1424,4,572411,157,1,4,78,0,60,164,13,13,19,1,2,148,1,47,484,1,3,67,9,1,0,146,5
Třibřichy,Chrudim,Pardubický kraj,239,176,173,1,504921,9,0,0,8,0,8,16,7,1,4,0,1,15,0,2,78,0,0,1,0,0,0,22,1
Tuněchody,Chrudim,Pardubický kraj,487,327,326,1,572420,23,0,0,24,0,13,30,5,3,4,0,0,35,0,14,126,0,0,4,0,4,0,41,0
Úherčice,Chrudim,Pardubický kraj,108,79,79,1,530697,11,0,0,6,0,2,6,0,0,3,0,0,6,0,5,24,0,0,6,3,0,0,7,0
Úhřetice,Chrudim,Pardubický kraj,388,224,224,1,572446,24,0,0,13,0,15,16,5,2,2,0,1,11,0,9,91,0,0,8,0,0,0,26,1
Vápenný Podol,Chrudim,Pardubický kraj,196,140,139,1,572454,5,2,1,10,0,8,11,2,2,3,0,0,10,0,4,55,0,0,11,0,0,0,14,1
Včelákov,Chrudim,Pardubický kraj,453,301,301,1,572462,22,0,0,33,0,18,29,4,5,0,1,0,26,0,7,99,0,0,20,0,1,1,30,5
Vejvanovice,Chrudim,Pardubický kraj,270,165,163,1,572471,21,0,0,9,0,9,13,1,3,1,0,0,17,0,4,62,0,1,5,2,0,0,14,1
Vítanov,Chrudim,Pardubický kraj,379,241,239,1,572497,16,0,0,23,0,10,17,2,1,5,0,0,22,0,3,104,0,0,13,0,0,1,16,6
Vojtěchov,Chrudim,Pardubický kraj,338,217,216,1,572501,16,1,0,12,0,10,13,1,2,3,1,0,12,0,4,78,0,1,39,0,1,0,21,1
Vortová,Chrudim,Pardubický kraj,207,128,126,1,572527,10,0,0,22,0,3,14,1,1,0,0,0,11,0,3,33,0,0,13,0,0,3,12,0
Vrbatův Kostelec,Chrudim,Pardubický kraj,283,203,203,1,572535,19,0,1,22,0,7,16,1,3,0,0,0,12,0,0,69,1,1,25,3,1,0,20,2
Všeradov,Chrudim,Pardubický kraj,127,84,83,1,572543,4,0,0,6,0,3,16,0,0,1,0,0,10,0,1,25,0,0,7,0,0,0,9,1
Vysočina,Chrudim,Pardubický kraj,586,412,411,4,572551,28,1,0,29,0,17,40,1,3,5,0,0,30,2,6,134,0,0,17,2,0,2,31,63
Vyžice,Chrudim,Pardubický kraj,159,117,115,1,547841,4,0,0,13,0,10,11,0,1,0,0,0,13,0,2,50,0,0,2,1,1,0,7,0
Zaječice,Chrudim,Pardubický kraj,855,533,532,1,572578,32,1,3,65,1,27,57,5,4,5,0,0,47,0,8,199,0,3,19,2,0,0,49,5
Zájezdec,Chrudim,Pardubický kraj,95,56,56,1,547859,5,0,0,2,0,1,7,1,0,0,0,0,6,0,3,15,0,0,7,0,0,0,9,0
Zderaz,Chrudim,Pardubický kraj,221,140,140,1,573876,11,0,0,13,0,12,5,2,1,1,0,0,6,0,4,51,0,0,22,1,0,0,11,0
Žlebské Chvalovice,Chrudim,Pardubický kraj,100,68,68,1,574091,8,0,0,7,0,1,5,0,0,0,0,0,10,0,4,16,0,2,9,0,0,0,5,1
Žumberk,Chrudim,Pardubický kraj,228,162,160,1,572641,34,0,1,11,0,13,20,0,3,2,0,0,9,0,3,45,0,1,0,0,1,0,17,0
Barchov,Pardubice,Pardubický kraj,170,113,113,1,574724,5,0,0,9,0,12,7,0,3,1,0,0,14,0,3,40,0,1,3,0,0,0,15,0
Bezděkov,Pardubice,Pardubický kraj,262,164,163,1,574741,18,0,0,5,0,14,9,7,1,2,0,0,20,0,7,58,0,1,3,4,2,0,11,1
Borek,Pardubice,Pardubický kraj,226,161,159,1,574783,30,0,1,12,1,12,9,2,1,3,2,0,11,0,6,34,0,0,8,1,0,1,25,0
Brloh,Pardubice,Pardubický kraj,193,149,149,1,574791,8,0,0,10,0,17,11,0,4,1,0,0,17,0,5,43,0,0,9,1,1,0,19,3
Břehy,Pardubice,Pardubický kraj,833,576,573,1,574805,65,1,0,43,0,30,66,9,4,0,0,0,58,0,18,198,0,2,17,4,0,2,53,3
Bukovina nad Labem,Pardubice,Pardubický kraj,187,139,138,1,574813,23,1,0,6,0,6,15,0,1,1,0,0,9,0,5,49,0,0,16,0,0,0,6,0
Bukovina u Přelouče,Pardubice,Pardubický kraj,69,51,50,1,574821,4,0,0,6,0,4,3,1,3,0,0,0,0,0,0,17,0,0,1,0,0,0,10,1
Bukovka,Pardubice,Pardubický kraj,316,207,206,1,574830,22,0,0,8,1,14,15,1,3,0,0,0,15,0,6,83,0,0,19,1,1,0,16,1
Býšť,Pardubice,Pardubický kraj,1148,829,826,4,574848,103,1,5,35,1,67,39,13,8,23,0,4,106,1,57,219,1,2,63,8,0,4,66,0
Časy,Pardubice,Pardubický kraj,167,113,113,1,572799,19,0,0,14,1,16,7,0,0,0,0,0,10,0,6,31,0,0,6,0,1,1,0,1
Čeperka,Pardubice,Pardubický kraj,891,618,614,1,574856,59,0,0,29,0,37,38,18,2,6,0,1,81,1,27,228,3,3,30,5,2,1,43,0
Čepí,Pardubice,Pardubický kraj,339,218,214,1,574864,35,0,1,9,0,7,12,1,0,5,0,0,29,0,10,77,0,0,12,0,1,1,14,0
Černá u Bohdanče,Pardubice,Pardubický kraj,376,248,246,1,572896,21,0,0,13,0,15,17,4,1,4,0,0,26,0,11,95,0,0,10,1,0,0,27,1
Dašice,Pardubice,Pardubický kraj,1618,941,936,3,574899,101,5,0,67,1,35,105,9,11,16,0,3,113,0,24,295,2,1,42,4,1,6,90,5
Dolany,Pardubice,Pardubický kraj,318,194,194,1,574902,20,0,4,17,0,5,17,1,2,1,0,0,15,0,2,70,1,0,7,0,1,2,29,0
Dolní Roveň,Pardubice,Pardubický kraj,1607,988,984,4,574911,100,1,5,63,1,24,68,11,10,5,0,3,66,1,24,353,1,4,72,5,1,5,156,5
Dolní Ředice,Pardubice,Pardubický kraj,720,464,464,1,574929,47,0,2,47,0,28,30,9,4,9,1,1,47,0,14,161,1,1,15,1,1,2,42,1
Dříteč,Pardubice,Pardubický kraj,328,220,217,1,574953,39,3,1,8,0,14,8,4,1,4,1,0,30,0,16,56,0,0,7,1,0,0,23,1
Dubany,Pardubice,Pardubický kraj,211,164,163,1,572977,26,0,0,4,0,7,10,6,1,4,0,0,19,1,4,60,2,0,4,0,0,0,13,2
Hlavečník,Pardubice,Pardubický kraj,221,141,138,1,574961,16,0,0,8,1,6,24,1,3,0,0,1,6,0,6,39,0,0,3,0,0,0,24,0
Holice,Pardubice,Pardubický kraj,5248,3254,3239,9,574988,495,5,2,283,5,118,248,34,22,50,3,8,358,1,136,926,1,4,132,11,5,8,374,10
Holotín,Pardubice,Pardubický kraj,47,35,33,1,573019,0,0,1,0,0,4,2,1,0,1,0,1,3,0,2,9,0,0,2,0,0,0,7,0
Horní Jelení,Pardubice,Pardubický kraj,1635,1027,1024,2,574996,142,2,3,89,3,31,85,7,9,11,0,1,93,0,20,305,0,2,64,2,1,4,145,5
Horní Ředice,Pardubice,Pardubický kraj,807,529,526,1,575011,61,1,0,31,0,34,36,3,8,8,0,2,72,0,17,166,0,1,16,1,1,0,67,1
Hrobice,Pardubice,Pardubický kraj,171,119,118,1,575046,13,0,0,2,0,10,10,1,1,2,1,0,14,0,8,36,0,1,4,0,1,0,14,0
Choltice,Pardubice,Pardubický kraj,878,557,555,1,575054,50,0,0,28,1,41,37,10,4,7,0,4,86,1,11,195,0,0,23,6,2,1,46,2
Choteč,Pardubice,Pardubický kraj,257,164,163,1,575062,29,1,0,15,0,8,11,2,0,2,1,0,12,0,3,44,0,0,0,0,1,1,32,1
Chrtníky,Pardubice,Pardubický kraj,81,62,62,1,572764,0,0,0,7,0,3,6,1,1,2,0,0,11,0,1,16,1,0,4,1,0,0,8,0
Chvaletice,Pardubice,Pardubický kraj,2464,1355,1353,3,575071,91,3,0,110,1,101,142,10,16,19,2,1,134,0,25,484,1,5,20,5,2,3,175,3
Chvojenec,Pardubice,Pardubický kraj,537,329,324,1,575089,49,0,0,22,3,18,14,7,3,3,0,0,38,0,12,88,2,1,21,3,0,2,37,1
Chýšť,Pardubice,Pardubický kraj,173,125,124,1,575097,7,0,1,9,0,4,10,3,3,4,0,0,9,0,2,30,0,0,5,1,0,0,36,0
Jankovice,Pardubice,Pardubický kraj,257,170,169,1,575101,13,1,1,15,0,10,29,0,3,2,0,0,14,0,4,53,0,6,3,1,0,0,14,0
Jaroslav,Pardubice,Pardubický kraj,191,139,138,1,575119,20,0,1,3,0,11,13,1,5,0,0,0,10,0,1,40,0,0,1,0,0,2,29,1
Jedousov,Pardubice,Pardubický kraj,133,82,82,1,575127,1,0,0,5,0,1,6,0,1,2,0,0,19,0,4,27,0,1,6,1,0,0,8,0
Jeníkovice,Pardubice,Pardubický kraj,185,125,125,1,575135,8,1,0,4,0,2,11,1,0,0,0,0,5,0,7,52,1,0,18,2,0,0,12,1
Jezbořice,Pardubice,Pardubický kraj,309,223,220,1,575143,29,0,2,14,0,8,17,1,1,2,1,0,25,0,14,81,1,0,4,2,0,0,18,0
Kasalice,Pardubice,Pardubický kraj,152,80,80,1,575151,7,0,0,6,2,3,10,0,0,0,0,0,10,0,0,27,0,0,7,0,0,0,8,0
Kladruby nad Labem,Pardubice,Pardubický kraj,540,320,318,4,575178,18,2,0,24,2,43,36,4,10,3,0,0,17,1,8,112,0,1,8,2,0,0,27,0
Kojice,Pardubice,Pardubický kraj,345,208,206,1,575194,19,2,0,14,0,10,20,0,2,2,0,0,18,0,6,79,0,0,1,1,2,1,28,1
Kostěnice,Pardubice,Pardubický kraj,420,280,280,1,575232,38,1,0,17,0,20,15,4,1,9,2,0,27,1,16,93,2,1,18,2,0,0,13,0
Křičeň,Pardubice,Pardubický kraj,202,127,125,1,572861,16,0,0,16,0,3,11,1,2,2,1,0,15,0,7,32,0,0,4,1,1,0,13,0
Kunětice,Pardubice,Pardubický kraj,257,177,177,1,573515,21,0,0,4,0,14,11,1,3,4,0,2,18,1,6,37,1,1,18,3,0,0,32,0
Labské Chrčice,Pardubice,Pardubický kraj,160,106,106,1,575259,2,0,0,16,0,14,17,0,1,2,0,0,10,0,0,27,0,0,0,0,0,0,16,1
Lány u Dašic,Pardubice,Pardubický kraj,115,82,82,1,572845,8,0,0,3,0,2,5,0,0,0,0,0,5,2,0,36,0,0,5,0,1,0,15,0
Lázně Bohdaneč,Pardubice,Pardubický kraj,2928,1903,1892,3,574767,264,2,5,132,0,67,94,25,11,23,5,2,226,1,107,658,0,2,83,12,7,5,160,1
Libišany,Pardubice,Pardubický kraj,421,249,245,1,575305,18,0,0,19,1,10,20,3,4,5,1,0,28,0,2,92,1,0,6,1,1,1,32,0
Lipoltice,Pardubice,Pardubický kraj,327,204,204,1,575313,13,0,0,17,0,14,23,0,3,3,0,0,27,1,4,51,0,0,11,2,0,0,30,5
Litošice,Pardubice,Pardubický kraj,116,74,70,1,575330,5,0,0,2,0,3,11,2,1,0,0,0,6,1,3,27,0,0,2,0,0,0,7,0
Malé Výkleky,Pardubice,Pardubický kraj,106,77,77,1,572802,10,0,0,8,0,5,3,1,1,0,0,0,8,0,1,20,0,0,3,1,0,0,16,0
Mikulovice,Pardubice,Pardubický kraj,947,630,624,1,575372,89,1,2,44,0,33,39,6,9,4,0,2,60,0,38,203,0,1,28,1,1,1,59,3
Mokošín,Pardubice,Pardubický kraj,149,101,101,1,575381,5,0,0,12,0,6,4,0,1,3,0,0,6,0,6,38,0,0,2,1,0,0,17,0
Morašice,Pardubice,Pardubický kraj,73,45,45,1,573035,3,0,0,1,0,2,11,0,0,0,0,0,1,0,0,22,0,0,2,0,0,0,3,0
Moravany,Pardubice,Pardubický kraj,1593,992,984,5,575399,70,3,0,82,0,32,91,14,8,11,1,1,100,1,31,376,1,2,52,4,1,1,96,6
Němčice,Pardubice,Pardubický kraj,435,319,319,1,572870,60,0,0,16,0,15,7,4,0,2,0,1,48,1,29,70,0,0,36,2,2,0,23,3
Neratov,Pardubice,Pardubický kraj,132,83,83,1,573078,6,0,0,10,0,9,8,0,1,1,0,0,6,0,0,26,0,0,1,6,0,0,8,1
Opatovice nad Labem,Pardubice,Pardubický kraj,1950,1233,1222,3,575429,143,0,0,99,0,39,80,19,9,35,2,3,167,0,56,378,12,6,42,15,1,1,112,3
Ostřešany,Pardubice,Pardubický kraj,833,550,544,1,575437,62,0,3,26,0,31,45,3,7,6,0,3,67,0,21,192,0,0,20,9,2,0,46,1
Ostřetín,Pardubice,Pardubický kraj,763,486,482,2,575445,42,8,0,27,0,39,47,7,4,6,0,0,41,1,22,159,0,0,30,4,0,2,40,3
Pardubice,Pardubice,Pardubický kraj,69859,43762,43534,92,555134,5822,55,74,3176,24,1541,2878,687,224,854,33,93,4971,35,2683,13633,64,78,2157,371,87,87,3748,159
Plch,Pardubice,Pardubický kraj,74,53,53,1,572942,2,0,0,3,0,4,2,0,1,0,0,0,6,0,1,20,0,1,4,0,0,0,9,0
Poběžovice u Holic,Pardubice,Pardubický kraj,207,151,151,1,575461,18,1,0,9,0,6,8,1,1,2,0,0,12,0,8,58,0,0,6,4,2,1,14,0
Poběžovice u Přelouče,Pardubice,Pardubický kraj,78,58,58,1,575470,13,0,0,5,0,6,4,0,1,0,0,0,1,0,0,20,0,0,1,0,0,0,7,0
Podůlšany,Pardubice,Pardubický kraj,134,94,93,1,572951,13,0,0,8,1,8,4,0,3,2,0,0,14,0,6,25,0,1,1,0,0,0,7,0
Pravy,Pardubice,Pardubický kraj,83,50,49,1,572853,3,0,0,2,0,3,4,0,1,0,0,0,5,0,1,18,1,1,2,0,1,0,2,5
Přelouč,Pardubice,Pardubický kraj,7203,4419,4384,14,575500,415,5,9,385,3,346,398,54,41,58,6,5,456,5,146,1294,4,9,153,35,4,9,531,13
Přelovice,Pardubice,Pardubický kraj,175,119,118,1,575518,3,2,0,7,0,3,17,0,3,0,0,0,11,0,4,46,0,0,8,0,0,0,13,1
Přepychy,Pardubice,Pardubický kraj,71,61,61,1,575526,2,0,0,1,0,4,8,0,0,1,0,0,9,0,2,20,0,0,3,0,0,0,11,0
Ráby,Pardubice,Pardubický kraj,468,302,301,1,575534,65,0,0,20,0,14,16,7,2,9,0,1,40,0,24,80,0,0,7,0,1,0,12,3
Rohovládova Bělá,Pardubice,Pardubický kraj,460,302,302,1,575551,26,1,0,17,0,21,20,3,1,4,0,1,30,0,5,117,0,2,22,0,1,1,26,4
Rohoznice,Pardubice,Pardubický kraj,224,153,153,1,575569,14,0,0,3,0,8,12,0,2,0,0,0,8,0,4,76,1,0,2,0,0,0,23,0
Rokytno,Pardubice,Pardubický kraj,676,428,427,2,575577,36,1,0,22,0,21,24,13,4,3,0,0,56,0,18,150,1,1,33,3,2,1,37,1
Rybitví,Pardubice,Pardubický kraj,1133,656,656,1,575593,59,1,1,53,0,22,67,10,7,7,0,0,66,3,20,229,1,2,12,5,4,2,82,3
Řečany nad Labem,Pardubice,Pardubický kraj,1096,769,764,2,575607,67,1,3,36,0,277,53,0,4,5,0,0,54,0,23,171,2,3,11,0,1,1,50,2
Selmice,Pardubice,Pardubický kraj,99,47,47,1,575615,1,0,0,4,0,7,11,0,0,2,0,0,1,0,1,15,0,1,0,0,0,0,4,0
Semín,Pardubice,Pardubický kraj,475,292,290,1,575623,26,0,1,21,1,40,31,3,2,4,0,0,23,0,10,93,0,1,7,4,0,0,23,0
Sezemice,Pardubice,Pardubický kraj,2975,2033,2017,8,575640,252,2,5,114,1,152,109,27,9,28,0,6,199,0,112,658,4,3,123,13,5,3,188,4
Slepotice,Pardubice,Pardubický kraj,350,227,226,1,575658,26,0,0,21,0,13,18,8,0,3,0,0,18,0,4,77,0,0,13,2,1,0,21,1
Sopřeč,Pardubice,Pardubický kraj,221,115,114,1,575666,11,0,0,18,0,9,5,3,2,2,0,0,8,0,1,38,2,0,3,1,0,0,10,1
Sovolusky,Pardubice,Pardubický kraj,106,72,72,1,573027,4,0,0,7,0,5,10,0,1,0,0,2,9,0,0,18,0,0,1,2,0,0,13,0
Spojil,Pardubice,Pardubický kraj,410,316,311,1,574198,70,0,1,11,2,17,8,9,3,7,0,0,32,0,21,84,0,0,19,3,1,0,22,1
Srch,Pardubice,Pardubický kraj,1187,876,868,2,575682,154,0,1,49,0,29,52,11,3,19,0,1,112,0,51,263,0,1,42,14,0,1,64,1
Srnojedy,Pardubice,Pardubický kraj,540,365,363,1,553719,65,0,0,15,2,14,21,3,5,11,0,2,33,0,28,111,1,0,21,2,0,0,27,2
Staré Hradiště,Pardubice,Pardubický kraj,1385,957,955,2,575704,176,0,0,58,0,59,40,9,7,20,0,2,115,1,68,283,0,2,27,5,2,2,76,3
Staré Jesenčany,Pardubice,Pardubický kraj,307,232,232,1,575712,42,0,0,14,0,10,20,1,4,4,1,0,24,1,6,67,0,0,13,1,2,1,21,0
Staré Ždánice,Pardubice,Pardubický kraj,491,314,312,1,575721,42,3,0,31,1,6,29,2,3,6,0,0,16,0,11,113,1,0,4,3,0,1,40,0
Starý Mateřov,Pardubice,Pardubický kraj,419,279,278,1,575739,40,3,0,21,0,12,5,5,5,3,0,0,32,0,11,114,0,0,9,0,0,0,18,0
Stéblová,Pardubice,Pardubický kraj,183,144,143,1,572934,14,0,0,7,0,3,12,2,1,2,0,0,21,0,7,53,0,0,4,3,1,1,12,0
Stojice,Pardubice,Pardubický kraj,182,109,109,1,575755,6,0,1,7,0,3,11,0,0,1,0,0,15,0,0,49,0,0,3,1,0,1,11,0
Strašov,Pardubice,Pardubický kraj,262,172,168,1,575763,23,0,0,16,0,23,11,3,6,3,0,1,16,0,4,30,0,0,15,0,0,0,16,1
Svinčany,Pardubice,Pardubický kraj,353,206,206,1,575771,19,0,0,10,1,6,17,4,2,2,0,0,23,0,9,76,0,0,16,1,0,1,19,0
Svojšice,Pardubice,Pardubický kraj,207,142,142,1,575780,13,0,0,15,0,10,22,3,2,1,0,0,11,0,3,40,0,1,5,0,0,0,16,0
Tetov,Pardubice,Pardubický kraj,141,94,94,1,575810,7,0,0,4,0,8,13,0,3,0,1,0,7,0,2,32,0,2,1,0,0,0,14,0
Trnávka,Pardubice,Pardubický kraj,170,100,100,1,530794,1,0,0,2,0,23,16,0,0,0,0,0,7,0,3,35,0,1,1,2,0,0,9,0
Trusnov,Pardubice,Pardubický kraj,171,106,106,1,575828,6,0,1,9,0,3,9,0,1,0,0,0,6,0,1,55,0,0,2,1,0,3,9,0
Třebosice,Pardubice,Pardubický kraj,171,115,115,1,572985,13,1,0,7,0,6,8,3,0,0,0,0,15,0,7,32,0,1,10,0,0,0,11,1
Turkovice,Pardubice,Pardubický kraj,223,119,119,1,575844,19,0,0,12,0,6,11,2,0,0,0,0,8,0,1,48,0,0,0,1,0,0,11,0
Uhersko,Pardubice,Pardubický kraj,216,146,145,1,575879,26,0,0,3,0,4,8,1,6,2,1,0,19,0,3,45,0,0,9,0,0,2,16,0
Úhřetická Lhota,Pardubice,Pardubický kraj,218,143,141,1,575887,5,0,0,11,0,9,22,2,0,9,0,1,8,0,1,56,0,0,3,0,0,0,14,0
Újezd u Přelouče,Pardubice,Pardubický kraj,148,91,91,1,575909,9,0,0,8,0,9,7,1,1,1,0,1,7,0,1,36,1,0,4,0,0,0,5,0
Újezd u Sezemic,Pardubice,Pardubický kraj,139,83,83,1,572888,4,2,0,6,1,1,3,0,1,0,0,0,12,0,6,34,0,0,3,0,0,0,10,0
Urbanice,Pardubice,Pardubický kraj,62,46,46,1,575917,7,0,0,5,0,2,3,0,0,0,0,0,8,0,1,13,0,1,0,0,0,0,6,0
Valy,Pardubice,Pardubický kraj,397,259,256,1,575925,18,0,0,15,0,18,30,1,2,5,0,0,35,0,5,74,2,0,5,2,2,0,42,0
Vápno,Pardubice,Pardubický kraj,104,57,57,1,575933,2,0,0,1,0,9,4,0,1,0,0,0,7,0,0,22,0,0,0,1,0,0,10,0
Veliny,Pardubice,Pardubický kraj,379,231,231,1,575941,31,0,0,16,1,12,21,0,2,7,0,1,21,1,2,70,0,0,8,1,0,2,35,0
Veselí,Pardubice,Pardubický kraj,285,192,190,1,575968,16,0,0,10,0,25,15,1,2,6,0,0,19,0,8,64,1,0,0,3,1,0,18,1
Vlčí Habřina,Pardubice,Pardubický kraj,252,174,174,1,575984,9,0,0,11,0,11,11,1,1,2,0,1,13,1,4,75,0,0,7,2,0,0,24,1
Voleč,Pardubice,Pardubický kraj,290,208,206,1,575992,16,0,0,9,0,16,12,1,3,2,0,0,26,0,5,76,0,1,15,2,1,1,20,0
Vysoké Chvojno,Pardubice,Pardubický kraj,320,210,208,1,576000,22,1,0,17,1,7,14,3,3,6,0,1,26,1,7,64,1,1,7,0,0,1,25,0
Vyšehněvice,Pardubice,Pardubický kraj,202,135,133,1,576018,22,0,0,5,0,11,4,4,0,3,0,1,8,0,8,39,0,2,6,0,0,1,18,1
Zdechovice,Pardubice,Pardubický kraj,478,283,278,2,576026,5,3,0,24,0,32,48,3,4,8,0,0,32,1,11,65,1,1,11,1,1,0,25,2
Žáravice,Pardubice,Pardubický kraj,110,77,75,1,576042,0,0,0,5,0,1,2,0,0,7,0,0,5,0,2,42,0,0,0,0,0,0,11,0
Živanice,Pardubice,Pardubický kraj,771,494,492,2,576051,56,1,1,33,0,29,61,4,5,2,0,3,49,0,11,175,1,0,20,4,3,1,33,0
Banín,Svitavy,Pardubický kraj,264,157,157,1,572560,7,0,0,12,0,5,23,1,3,3,0,1,14,0,4,54,0,0,18,0,0,3,8,1
Bělá nad Svitavou,Svitavy,Pardubický kraj,413,238,237,1,572586,16,0,0,24,2,9,20,3,1,2,0,1,16,0,6,99,0,1,11,0,1,1,23,1
Bělá u Jevíčka,Svitavy,Pardubický kraj,310,203,203,1,505391,8,7,0,24,0,8,34,1,1,1,0,0,15,0,3,53,0,0,8,4,0,2,33,1
Benátky,Svitavy,Pardubický kraj,286,203,200,1,577774,28,0,3,24,0,8,5,0,5,6,0,1,20,0,12,49,0,0,25,1,1,0,12,0
Bezděčí u Trnávky,Svitavy,Pardubický kraj,177,120,119,1,574309,6,0,0,10,1,6,8,0,4,1,1,0,12,0,5,45,0,1,8,0,0,0,11,0
Biskupice,Svitavy,Pardubický kraj,370,224,224,1,572519,13,0,0,26,0,31,40,2,2,1,1,0,21,0,0,55,0,0,12,0,0,2,17,1
Bohuňov,Svitavy,Pardubický kraj,134,101,100,1,577812,6,0,0,6,0,3,9,0,0,2,0,0,7,0,0,28,0,0,22,1,0,0,16,0
Bohuňovice,Svitavy,Pardubický kraj,93,52,52,1,577821,3,0,0,5,2,1,1,0,5,0,0,0,7,0,1,10,0,0,5,0,0,2,9,1
Borová,Svitavy,Pardubický kraj,804,543,542,1,577839,67,15,0,48,1,27,50,7,1,12,0,2,64,1,11,135,0,1,72,1,1,0,22,4
Borušov,Svitavy,Pardubický kraj,147,84,84,1,572632,5,2,0,5,0,5,24,1,1,0,0,0,5,0,2,21,0,1,2,0,0,3,6,1
Brněnec,Svitavy,Pardubický kraj,1091,621,618,1,577863,41,0,0,66,2,15,77,9,18,3,0,0,40,0,11,227,1,2,28,1,2,3,72,0
Březina,Svitavy,Pardubický kraj,292,178,175,1,577871,7,4,0,13,0,6,32,1,0,7,0,1,9,0,2,61,0,0,5,0,1,0,24,2
Březinky,Svitavy,Pardubický kraj,109,79,79,1,572250,0,0,0,13,0,4,9,2,0,2,0,0,11,0,1,20,0,0,6,0,0,0,11,0
Březiny,Svitavy,Pardubický kraj,124,92,92,1,577898,16,0,0,11,0,5,11,2,2,0,0,0,6,0,3,22,0,0,5,0,1,0,8,0
Březová nad Svitavou,Svitavy,Pardubický kraj,1289,686,679,1,505145,66,2,0,92,0,16,60,4,6,12,0,1,73,1,29,188,0,3,25,4,4,5,86,2
Budislav,Svitavy,Pardubický kraj,373,249,249,1,577910,19,0,0,9,0,37,19,1,3,0,0,0,16,0,9,75,0,0,31,1,0,0,28,1
Bystré,Svitavy,Pardubický kraj,1248,851,844,1,577928,153,2,0,78,0,16,61,6,7,7,0,3,78,0,39,170,0,0,174,3,1,4,37,5
Cerekvice nad Loučnou,Svitavy,Pardubický kraj,651,414,411,1,577936,42,0,4,27,0,33,26,3,6,9,1,2,43,0,14,127,0,2,30,2,2,1,33,4
Čistá,Svitavy,Pardubický kraj,773,475,472,1,577944,37,1,1,24,1,32,46,4,10,4,2,0,49,0,15,145,0,1,37,1,0,1,57,4
Desná,Svitavy,Pardubický kraj,262,198,197,1,572357,5,1,0,6,0,48,7,1,2,1,0,0,24,0,3,49,0,0,39,2,0,0,8,1
Dětřichov,Svitavy,Pardubický kraj,271,136,136,1,577961,8,0,0,7,0,3,13,0,1,4,0,0,17,0,4,54,0,0,10,1,0,0,14,0
Dětřichov u Moravské Třebové,Svitavy,Pardubický kraj,168,99,99,1,572683,5,0,0,10,0,4,26,0,0,2,0,0,9,0,1,27,0,0,4,0,0,0,11,0
Dlouhá Loučka,Svitavy,Pardubický kraj,446,245,242,1,577987,5,0,0,18,0,1,38,2,2,2,0,1,12,0,3,118,0,1,9,2,0,1,27,0
Dolní Újezd,Svitavy,Pardubický kraj,1586,1128,1114,2,577995,115,1,2,64,0,123,66,18,13,9,1,0,100,0,42,251,1,0,205,4,4,0,94,1
Gruna,Svitavy,Pardubický kraj,173,111,111,1,574325,3,0,0,8,0,1,17,2,5,2,0,0,9,0,3,30,1,0,8,0,0,0,22,0
Hartinkov,Svitavy,Pardubický kraj,50,41,40,1,572284,4,0,0,0,0,0,4,4,0,0,0,0,5,0,0,13,1,0,1,3,0,0,5,0
Hartmanice,Svitavy,Pardubický kraj,254,177,177,1,578037,20,0,1,11,1,6,8,2,1,3,0,0,23,4,2,46,0,0,42,0,1,0,5,1
Horky,Svitavy,Pardubický kraj,92,72,72,1,578053,5,0,0,3,0,14,2,0,1,2,0,1,12,0,0,15,0,0,4,2,0,0,11,0
Horní Újezd,Svitavy,Pardubický kraj,329,230,230,1,572365,13,0,0,14,0,40,5,6,5,8,0,0,11,0,8,37,0,0,70,0,0,0,13,0
Hradec nad Svitavou,Svitavy,Pardubický kraj,1346,755,751,1,572691,36,4,0,77,0,21,90,4,20,8,1,1,60,0,12,250,0,2,50,4,2,5,102,2
Chmelík,Svitavy,Pardubický kraj,153,104,104,1,572730,9,0,0,8,1,1,11,1,1,1,0,0,4,0,6,24,0,2,10,1,0,0,24,0
Chornice,Svitavy,Pardubický kraj,717,386,385,1,578096,29,1,0,34,0,19,42,1,8,6,0,0,56,1,3,88,1,2,28,1,0,3,60,2
Chotěnov,Svitavy,Pardubický kraj,108,74,74,1,578100,4,0,0,2,0,21,7,0,0,0,0,0,7,0,7,10,0,0,12,0,0,0,4,0
Chotovice,Svitavy,Pardubický kraj,107,71,71,1,578118,0,0,0,1,0,6,3,0,0,1,0,0,9,0,4,9,0,0,34,0,0,0,4,0
Chrastavec,Svitavy,Pardubický kraj,177,120,120,1,578126,5,0,0,21,1,6,12,0,3,1,0,0,14,0,0,30,1,1,7,1,0,0,15,2
Janov,Svitavy,Pardubický kraj,760,412,410,1,578134,41,0,0,34,1,20,29,10,16,9,0,1,43,0,14,118,0,1,39,3,1,2,26,2
Janůvky,Svitavy,Pardubický kraj,46,34,34,1,578142,0,0,0,2,1,1,6,0,0,0,0,0,0,1,0,13,0,0,0,0,0,0,9,1
Jaroměřice,Svitavy,Pardubický kraj,986,545,543,1,578151,37,0,1,64,0,17,68,4,7,1,0,2,39,0,16,188,0,2,41,7,0,1,47,1
Jarošov,Svitavy,Pardubický kraj,138,112,112,1,578169,6,1,0,9,0,12,8,0,1,0,0,0,13,0,9,26,0,0,17,0,0,0,10,0
Javorník,Svitavy,Pardubický kraj,318,215,215,1,572713,16,0,1,26,0,4,27,2,2,2,0,0,31,0,5,60,0,0,12,1,0,1,24,1
Jedlová,Svitavy,Pardubický kraj,846,479,479,1,578185,50,2,0,60,0,18,35,7,9,4,0,1,42,0,15,153,0,1,44,1,1,1,33,2
Jevíčko,Svitavy,Pardubický kraj,2321,1412,1402,3,578193,147,7,1,118,1,63,126,10,22,5,1,2,130,0,41,411,0,3,110,7,2,3,186,6
Kamenec u Poličky,Svitavy,Pardubický kraj,420,261,259,1,578207,33,0,1,22,0,7,13,5,1,4,0,0,15,0,7,70,0,0,49,1,0,1,28,2
Kamenná Horka,Svitavy,Pardubický kraj,257,157,155,1,578215,5,0,0,9,0,6,27,0,2,0,0,0,4,0,0,78,4,1,2,0,0,2,15,0
Karle,Svitavy,Pardubický kraj,333,165,164,1,572748,9,0,0,13,0,4,22,0,2,0,0,0,11,0,3,53,0,0,8,0,3,1,35,0
Koclířov,Svitavy,Pardubický kraj,559,333,330,1,578231,14,0,0,26,0,20,33,1,9,12,0,1,26,1,5,109,0,1,35,2,1,2,32,0
Korouhev,Svitavy,Pardubický kraj,638,424,421,1,578258,61,0,0,24,1,18,42,2,10,6,0,0,45,0,14,117,1,0,39,6,2,2,29,2
Koruna,Svitavy,Pardubický kraj,110,59,57,1,578266,2,0,0,2,1,1,7,1,1,1,0,0,2,0,0,21,0,1,1,0,0,2,14,0
Křenov,Svitavy,Pardubický kraj,323,175,175,1,578274,10,0,0,14,0,2,27,1,3,4,0,0,10,0,4,66,1,0,5,0,0,1,27,0
Kukle,Svitavy,Pardubický kraj,65,52,52,1,572594,7,1,0,1,0,6,0,1,1,3,0,0,10,0,1,17,0,0,2,0,0,0,2,0
Kunčina,Svitavy,Pardubický kraj,1104,577,577,2,578282,51,4,0,40,0,19,57,1,4,6,0,0,58,0,12,221,1,1,30,2,3,0,65,2
Květná,Svitavy,Pardubický kraj,317,184,184,1,578291,13,0,0,20,0,7,12,1,3,1,1,0,21,0,1,50,1,3,22,0,1,0,27,0
Lavičné,Svitavy,Pardubický kraj,100,64,64,1,578304,3,0,0,6,0,0,13,0,1,0,0,0,4,0,0,22,0,0,3,0,0,0,12,0
Linhartice,Svitavy,Pardubický kraj,517,327,325,1,578339,19,1,0,25,0,4,42,5,4,9,0,0,32,2,8,110,0,0,13,0,1,2,48,0
Litomyšl,Svitavy,Pardubický kraj,8061,5325,5299,16,578347,893,4,4,313,5,234,275,77,50,71,3,6,579,10,411,1312,8,8,515,29,13,3,468,8
Lubná,Svitavy,Pardubický kraj,808,581,575,1,578355,50,4,0,27,0,46,46,4,2,10,0,0,65,0,14,120,2,0,132,3,0,1,49,0
Makov,Svitavy,Pardubický kraj,252,186,185,1,578363,10,0,0,2,2,19,10,3,2,1,1,1,14,2,6,51,0,0,51,0,0,2,8,0
Malíkov,Svitavy,Pardubický kraj,77,47,47,1,578371,1,0,0,6,0,1,12,0,0,0,1,0,0,0,1,23,0,0,1,0,0,0,1,0
Městečko Trnávka,Svitavy,Pardubický kraj,1172,725,723,8,578380,31,0,0,87,0,14,115,9,2,6,1,1,60,0,21,228,1,3,53,2,1,4,83,1
Mikuleč,Svitavy,Pardubický kraj,193,124,124,1,578398,1,1,0,8,3,3,10,2,11,1,0,0,9,0,2,41,0,0,5,0,0,1,26,0
Mladějov na Moravě,Svitavy,Pardubický kraj,356,204,202,1,578401,8,1,1,18,0,13,31,1,1,1,0,0,17,0,1,80,0,0,8,0,0,1,19,1
Morašice,Svitavy,Pardubický kraj,583,407,406,2,578428,32,1,0,13,0,54,20,4,6,4,1,0,46,0,14,127,0,0,40,5,2,0,36,1
Moravská Třebová,Svitavy,Pardubický kraj,8431,4816,4794,13,578444,394,15,4,532,5,144,560,48,51,71,6,1,433,6,119,1499,4,10,259,18,8,19,574,14
Nedvězí,Svitavy,Pardubický kraj,184,138,138,1,578452,13,0,0,13,0,12,7,1,2,0,0,0,11,0,2,47,0,1,24,0,0,0,4,1
Němčice,Svitavy,Pardubický kraj,751,497,496,2,580694,22,3,1,23,0,62,43,1,5,14,2,1,41,0,24,138,0,4,37,1,2,0,69,3
Nová Sídla,Svitavy,Pardubický kraj,179,120,120,1,572608,5,1,0,6,0,12,5,2,2,2,0,0,9,0,5,46,1,0,13,1,0,0,10,0
Nová Ves u Jarošova,Svitavy,Pardubický kraj,54,36,36,1,572438,5,0,0,2,0,1,1,2,1,0,0,0,2,0,0,10,0,0,6,0,0,1,5,0
Oldřiš,Svitavy,Pardubický kraj,533,347,346,1,578479,25,4,1,24,2,18,20,0,3,1,0,0,19,1,15,100,1,0,76,3,0,2,31,0
Opatov,Svitavy,Pardubický kraj,926,491,487,1,578487,26,7,0,47,1,73,56,11,4,1,0,0,33,0,10,135,0,0,29,1,2,1,47,3
Opatovec,Svitavy,Pardubický kraj,544,341,341,1,572721,33,0,0,38,0,21,30,7,14,4,0,2,23,0,17,86,0,0,18,2,1,0,45,0
Osík,Svitavy,Pardubický kraj,821,593,587,1,578509,78,1,0,43,2,47,52,8,4,6,2,2,44,1,32,144,0,1,61,3,2,3,49,2
Pohledy,Svitavy,Pardubický kraj,258,150,149,1,578550,6,0,0,9,0,1,18,3,1,2,0,0,9,0,3,67,0,0,8,0,0,0,22,0
Polička,Svitavy,Pardubický kraj,7156,4640,4611,12,578576,1056,2,4,352,3,99,319,63,46,74,4,2,436,3,168,1167,1,3,379,20,8,11,375,16
Pomezí,Svitavy,Pardubický kraj,974,553,551,2,578584,73,2,1,42,2,19,54,6,4,6,2,0,44,0,15,164,0,0,45,3,1,2,65,1
Poříčí u Litomyšle,Svitavy,Pardubický kraj,360,287,284,1,572373,19,1,0,11,0,81,12,4,1,4,0,1,20,1,11,51,0,0,47,0,0,0,19,1
Příluka,Svitavy,Pardubický kraj,133,103,101,1,578622,4,0,1,7,0,16,10,0,1,0,0,0,12,0,3,24,0,0,16,0,0,0,7,0
Pustá Kamenice,Svitavy,Pardubický kraj,269,180,180,1,578631,13,1,2,22,0,10,10,1,2,7,0,0,15,0,9,53,0,0,25,0,0,0,10,0
Pustá Rybná,Svitavy,Pardubický kraj,147,106,104,1,578649,18,0,0,8,0,8,5,2,0,1,0,1,17,0,3,30,0,0,5,2,1,0,1,2
Radiměř,Svitavy,Pardubický kraj,909,485,483,1,578657,29,1,1,52,0,23,60,4,7,8,0,1,35,0,9,151,1,2,29,0,3,7,58,2
Radkov,Svitavy,Pardubický kraj,99,63,61,1,574333,2,0,0,8,0,2,16,1,0,0,0,0,4,0,2,22,0,0,0,0,0,0,4,0
Rohozná,Svitavy,Pardubický kraj,535,332,331,1,578673,17,1,0,33,4,5,40,1,3,5,0,0,32,0,7,120,0,0,18,0,0,1,41,3
Rozhraní,Svitavy,Pardubický kraj,265,193,191,1,578681,13,1,0,6,0,10,22,2,1,3,0,0,22,0,8,61,0,0,22,0,1,1,15,3
Rozstání,Svitavy,Pardubický kraj,194,126,120,1,578690,1,0,0,11,0,7,31,0,0,0,0,0,4,0,0,50,0,0,5,0,0,0,11,0
Rudná,Svitavy,Pardubický kraj,135,79,79,1,578703,1,0,0,12,0,4,20,1,2,1,0,0,2,0,2,21,0,1,0,0,0,0,10,2
Rychnov na Moravě,Svitavy,Pardubický kraj,498,243,241,1,578711,8,0,1,27,0,14,18,2,3,4,0,0,19,0,6,91,0,0,19,0,1,0,28,0
Řídký,Svitavy,Pardubický kraj,60,43,43,1,572233,8,0,0,4,0,3,1,1,0,0,0,0,6,0,3,8,0,0,6,0,0,0,3,0
Sádek,Svitavy,Pardubický kraj,405,266,265,1,578720,42,0,0,18,0,9,11,3,2,1,0,0,17,0,12,76,0,3,51,0,0,0,20,0
Sebranice,Svitavy,Pardubický kraj,755,527,523,1,578738,44,3,0,31,0,41,24,5,5,11,1,0,46,2,32,97,0,0,154,4,0,0,22,1
Sedliště,Svitavy,Pardubický kraj,191,127,127,1,578746,10,0,0,6,0,17,8,2,3,4,0,0,5,0,3,39,0,0,4,0,0,4,22,0
Sklené,Svitavy,Pardubický kraj,192,94,94,1,578754,3,0,0,8,0,1,10,1,4,0,0,0,7,0,0,30,0,0,7,0,0,0,23,0
Slatina,Svitavy,Pardubický kraj,124,83,81,1,578762,3,0,0,6,1,6,10,1,1,0,0,0,5,0,0,32,0,0,9,1,0,0,5,1
Sloupnice,Svitavy,Pardubický kraj,1367,863,859,2,580325,47,0,0,55,1,127,33,6,10,14,1,0,69,1,25,263,1,2,107,4,1,2,85,5
Staré Město,Svitavy,Pardubický kraj,787,452,451,1,578789,30,3,0,34,2,8,55,10,7,7,0,0,44,0,11,157,0,1,8,0,3,2,69,0
Stašov,Svitavy,Pardubický kraj,206,108,107,1,578801,7,0,0,8,0,1,4,1,2,2,0,0,17,0,4,41,0,0,9,0,0,0,11,0
Strakov,Svitavy,Pardubický kraj,191,127,126,1,578819,8,1,0,8,1,9,5,0,7,0,1,0,18,0,9,38,0,0,11,1,1,0,8,0
Suchá Lhota,Svitavy,Pardubický kraj,76,54,54,1,578835,8,0,0,4,0,11,0,0,0,0,0,0,1,0,2,11,0,0,13,0,1,0,3,0
Svitavy,Svitavy,Pardubický kraj,13548,7948,7905,18,577731,742,8,3,777,6,185,737,98,139,102,1,7,917,6,235,2465,6,11,523,34,35,35,821,12
Svojanov,Svitavy,Pardubický kraj,321,235,233,3,578843,41,0,0,16,0,6,10,3,3,12,0,0,21,0,4,64,0,0,25,2,0,1,24,1
Široký Důl,Svitavy,Pardubický kraj,328,201,200,1,578851,25,0,0,8,0,14,8,5,1,5,0,0,14,0,17,45,1,0,44,0,2,0,11,0
Študlov,Svitavy,Pardubický kraj,111,71,71,1,578860,9,0,0,6,0,2,15,0,0,0,0,0,6,0,1,21,0,0,2,0,3,0,6,0
Telecí,Svitavy,Pardubický kraj,325,201,199,1,578878,12,0,0,30,0,7,7,3,1,6,0,0,22,0,7,62,0,0,25,2,3,1,11,0
Trpín,Svitavy,Pardubický kraj,339,246,246,1,578886,20,0,1,34,0,6,23,4,7,1,0,0,11,1,2,57,0,1,62,1,0,2,13,0
Trstěnice,Svitavy,Pardubický kraj,406,275,275,1,578894,13,0,1,18,0,25,23,3,3,2,0,0,28,0,18,73,0,0,35,1,2,0,30,0
Tržek,Svitavy,Pardubický kraj,147,87,84,1,572616,7,0,0,8,0,11,7,1,2,0,0,0,15,1,2,8,0,0,13,0,1,0,7,1
Třebařov,Svitavy,Pardubický kraj,736,297,295,1,578908,16,1,0,19,0,9,37,3,4,6,1,0,28,0,10,102,0,3,8,0,2,1,45,0
Újezdec,Svitavy,Pardubický kraj,79,52,49,1,578916,4,0,0,5,0,5,3,0,2,0,0,0,4,0,2,15,0,0,5,0,0,0,4,0
Útěchov,Svitavy,Pardubický kraj,218,152,152,1,572624,14,1,0,15,0,2,17,4,1,10,0,1,12,0,0,50,0,0,4,1,0,0,19,1
Vendolí,Svitavy,Pardubický kraj,757,425,421,1,578932,20,0,0,37,0,52,45,1,10,4,0,0,36,0,10,129,0,2,20,5,2,1,46,1
Vidlatá Seč,Svitavy,Pardubický kraj,233,170,170,1,578941,7,0,0,6,0,19,14,2,1,2,0,1,21,0,8,45,0,1,28,0,0,0,15,0
Víska u Jevíčka,Svitavy,Pardubický kraj,136,70,70,1,578959,0,0,0,11,0,3,14,2,0,0,0,0,5,1,0,23,0,0,1,0,0,1,9,0
Vítějeves,Svitavy,Pardubický kraj,328,189,188,1,578967,7,0,0,11,0,2,24,1,1,4,0,0,7,0,3,81,0,0,13,0,0,1,31,2
Vlčkov,Svitavy,Pardubický kraj,78,60,60,1,581127,2,0,0,1,0,11,4,1,0,0,0,0,5,0,3,17,0,0,6,0,0,0,10,0
Vranová Lhota,Svitavy,Pardubický kraj,373,196,193,1,578975,12,0,0,15,0,7,29,0,3,0,0,0,10,1,7,64,0,1,5,1,0,5,33,0
Vrážné,Svitavy,Pardubický kraj,58,44,44,1,572292,4,2,0,0,0,5,2,1,0,6,0,0,11,0,1,10,0,0,1,0,0,0,1,0
Vysoká,Svitavy,Pardubický kraj,39,27,26,1,578991,5,0,0,2,0,1,1,1,0,0,2,0,0,0,0,6,0,0,7,0,0,0,1,0
Želivsko,Svitavy,Pardubický kraj,28,20,20,1,572195,1,0,0,0,0,1,4,0,2,1,0,0,2,0,0,6,0,0,0,1,0,0,2,0
Albrechtice,Ústí nad Orlicí,Pardubický kraj,368,214,214,1,547981,9,2,0,11,0,8,25,5,0,3,0,0,16,0,6,92,0,0,2,1,1,0,32,1
Anenská Studánka,Ústí nad Orlicí,Pardubický kraj,150,70,69,1,573426,5,5,0,1,0,2,11,0,0,0,0,1,3,1,0,15,0,0,10,0,0,0,14,1
Běstovice,Ústí nad Orlicí,Pardubický kraj,353,221,218,1,553760,24,3,0,12,0,17,7,2,1,7,0,1,27,0,7,79,0,0,7,0,0,0,24,0
Bošín,Ústí nad Orlicí,Pardubický kraj,81,43,43,1,548006,5,0,0,2,0,0,1,2,0,3,0,0,4,0,1,16,0,0,4,0,0,0,5,0
Brandýs nad Orlicí,Ústí nad Orlicí,Pardubický kraj,1135,767,760,1,579947,77,0,0,77,0,42,68,8,21,9,0,1,77,0,16,197,1,1,53,5,1,3,98,5
Bučina,Ústí nad Orlicí,Pardubický kraj,194,138,138,1,579963,11,0,1,9,0,16,3,1,3,0,0,0,11,2,9,39,0,0,16,0,1,2,11,3
Bystřec,Ústí nad Orlicí,Pardubický kraj,904,626,625,1,579971,67,1,1,32,2,24,51,13,9,13,1,0,47,1,18,169,1,1,85,0,0,0,84,5
Cotkytle,Ústí nad Orlicí,Pardubický kraj,318,144,143,1,579980,4,0,0,8,0,10,12,2,2,0,0,0,7,0,4,58,0,0,12,0,0,1,23,0
Čenkovice,Ústí nad Orlicí,Pardubický kraj,160,102,101,1,579998,12,0,0,6,0,7,3,1,1,0,0,1,18,0,1,32,1,0,11,0,0,0,7,0
Červená Voda,Ústí nad Orlicí,Pardubický kraj,2443,1225,1216,7,580015,142,3,3,80,1,39,159,10,8,10,0,1,91,3,72,323,1,3,74,5,0,7,175,6
Česká Rybná,Ústí nad Orlicí,Pardubický kraj,307,201,198,1,580023,10,0,0,10,0,2,15,4,2,6,0,0,28,0,4,48,1,1,18,1,1,1,44,2
Česká Třebová,Ústí nad Orlicí,Pardubický kraj,12662,7830,7787,17,580031,750,38,1,673,11,198,420,122,81,135,4,19,878,8,456,2566,5,11,412,48,36,12,878,25
České Heřmanice,Ústí nad Orlicí,Pardubický kraj,452,297,293,1,580040,26,1,0,21,0,68,17,3,1,4,0,0,27,0,10,71,0,0,30,0,1,0,13,0
České Libchavy,Ústí nad Orlicí,Pardubický kraj,477,311,309,1,580058,31,0,1,20,0,22,17,1,3,2,1,0,26,0,17,96,0,0,14,6,2,1,46,3
České Petrovice,Ústí nad Orlicí,Pardubický kraj,136,84,79,1,580066,9,0,0,5,0,5,7,0,1,0,0,1,6,0,2,23,0,0,14,1,0,2,3,0
Damníkov,Ústí nad Orlicí,Pardubický kraj,543,322,315,1,580074,14,3,0,28,0,15,49,0,5,2,0,0,25,0,5,110,0,2,16,2,0,0,38,1
Dlouhá Třebová,Ústí nad Orlicí,Pardubický kraj,1032,678,669,1,548014,47,1,0,45,0,33,36,4,7,14,1,0,67,1,33,221,0,1,38,3,1,4,111,1
Dlouhoňovice,Ústí nad Orlicí,Pardubický kraj,637,398,395,1,548031,46,0,1,18,3,34,28,6,1,3,1,0,48,0,11,120,2,1,30,6,1,2,32,1
Dobříkov,Ústí nad Orlicí,Pardubický kraj,385,267,265,1,580091,19,2,0,19,0,15,10,6,1,4,0,1,24,1,12,84,1,0,18,2,0,1,39,6
Dolní Čermná,Ústí nad Orlicí,Pardubický kraj,1056,721,718,2,580112,69,1,0,43,1,114,38,7,7,11,1,1,53,1,47,154,0,0,107,3,0,2,55,3
Dolní Dobrouč,Ústí nad Orlicí,Pardubický kraj,2063,1379,1372,4,580121,106,2,1,70,3,74,60,16,7,25,2,4,163,0,52,339,0,0,254,5,2,8,175,4
Dolní Morava,Ústí nad Orlicí,Pardubický kraj,252,204,204,1,580163,32,0,0,5,0,8,12,0,1,7,0,0,27,1,14,52,0,1,12,0,0,1,30,1
Džbánov,Ústí nad Orlicí,Pardubický kraj,276,181,180,1,580210,14,4,0,11,0,8,7,3,3,1,0,0,21,0,10,59,0,0,10,2,0,0,24,3
Hejnice,Ústí nad Orlicí,Pardubický kraj,178,127,125,1,580228,14,0,0,11,1,2,5,6,2,0,0,1,11,0,4,46,0,0,8,0,0,0,14,0
Helvíkovice,Ústí nad Orlicí,Pardubický kraj,378,285,282,1,548049,33,0,1,10,0,14,22,1,4,5,0,0,42,0,12,70,0,3,22,1,1,1,39,1
Hnátnice,Ústí nad Orlicí,Pardubický kraj,679,453,451,1,580261,49,0,2,30,1,24,30,7,3,10,0,0,64,0,7,128,0,0,44,2,1,0,47,2
Horní Čermná,Ústí nad Orlicí,Pardubický kraj,826,585,581,1,580279,47,1,1,19,2,52,24,13,4,6,0,4,75,0,20,173,0,1,59,5,3,2,67,3
Horní Heřmanice,Ústí nad Orlicí,Pardubický kraj,398,243,240,1,580295,15,0,0,31,0,19,14,10,4,1,0,0,10,0,10,70,0,0,32,0,0,0,24,0
Horní Třešňovec,Ústí nad Orlicí,Pardubický kraj,503,349,347,1,580333,54,0,0,8,0,11,13,6,9,7,1,0,41,0,12,114,0,0,30,1,1,2,36,1
Hrádek,Ústí nad Orlicí,Pardubický kraj,82,44,43,1,547972,3,0,0,1,0,2,2,1,0,0,0,0,5,2,0,14,0,0,2,0,0,1,10,0
Hrušová,Ústí nad Orlicí,Pardubický kraj,293,201,201,1,580341,20,0,1,14,0,10,25,1,0,3,0,0,20,0,7,67,0,0,4,0,1,2,26,0
Choceň,Ústí nad Orlicí,Pardubický kraj,6933,4479,4458,9,580350,603,7,8,334,13,175,234,58,26,51,4,3,615,5,166,1334,2,7,311,17,4,11,449,21
Jablonné nad Orlicí,Ústí nad Orlicí,Pardubický kraj,2317,1558,1550,4,580376,181,1,1,102,4,128,98,18,10,20,2,2,173,0,76,430,1,1,113,11,3,2,170,3
Jamné nad Orlicí,Ústí nad Orlicí,Pardubický kraj,544,377,373,1,580392,40,1,1,16,0,23,29,3,1,2,0,0,46,1,10,110,0,0,41,2,3,3,41,0
Javorník,Ústí nad Orlicí,Pardubický kraj,213,131,131,1,580406,14,0,0,12,1,13,7,6,1,0,0,1,12,0,1,48,0,0,5,0,0,0,10,0
Jehnědí,Ústí nad Orlicí,Pardubický kraj,260,188,188,1,580414,14,1,0,9,0,11,13,3,3,1,0,0,21,0,6,65,0,0,11,0,2,0,27,1
Kameničná,Ústí nad Orlicí,Pardubický kraj,258,177,175,1,580422,24,0,2,12,1,10,6,1,0,4,0,0,23,0,3,61,0,3,7,0,1,0,17,0
Klášterec nad Orlicí,Ústí nad Orlicí,Pardubický kraj,708,453,446,1,580431,47,1,1,19,1,30,33,3,6,8,0,0,41,0,12,114,0,1,45,3,1,1,77,2
Koldín,Ústí nad Orlicí,Pardubický kraj,293,204,204,1,580465,36,1,0,9,1,12,16,1,4,2,0,0,33,0,6,57,1,0,8,0,0,2,15,0
Kosořín,Ústí nad Orlicí,Pardubický kraj,136,88,88,1,574449,13,0,0,12,0,6,7,0,0,3,0,0,13,0,2,20,0,1,4,0,0,0,7,0
Králíky,Ústí nad Orlicí,Pardubický kraj,3480,2048,2039,10,580481,178,1,4,118,2,89,221,38,18,18,0,1,147,1,68,693,2,3,95,20,6,2,300,14
Krasíkov,Ústí nad Orlicí,Pardubický kraj,250,144,144,1,580490,10,0,0,12,0,3,11,1,2,2,0,0,9,0,2,54,0,0,9,1,0,0,28,0
Kunvald,Ústí nad Orlicí,Pardubický kraj,806,537,534,1,580503,57,0,0,45,1,39,46,11,8,8,0,2,87,0,37,83,0,0,62,0,3,1,40,4
Lanškroun,Ústí nad Orlicí,Pardubický kraj,7751,4824,4797,8,580511,616,7,2,352,6,150,293,122,54,84,5,3,448,5,208,1604,11,7,245,21,9,10,517,18
Leština,Ústí nad Orlicí,Pardubický kraj,251,150,148,1,571695,9,0,0,14,0,6,11,1,1,2,0,1,10,0,2,39,0,0,21,0,0,5,25,1
Letohrad,Ústí nad Orlicí,Pardubický kraj,4974,3507,3489,6,580538,346,10,2,191,2,228,187,36,30,44,3,5,476,0,206,924,4,2,405,13,9,8,346,12
Libecina,Ústí nad Orlicí,Pardubický kraj,138,90,89,1,580562,6,0,0,3,0,2,19,0,1,0,0,0,5,0,0,31,1,1,13,0,0,0,3,4
Libchavy,Ústí nad Orlicí,Pardubický kraj,1322,917,913,2,580147,141,2,0,51,0,46,84,9,7,9,0,0,114,1,30,254,0,1,58,4,2,4,95,1
Lichkov,Ústí nad Orlicí,Pardubický kraj,410,234,232,1,580571,14,1,0,15,0,8,28,2,5,3,0,0,14,0,4,78,0,0,6,0,0,1,51,2
Líšnice,Ústí nad Orlicí,Pardubický kraj,600,414,406,1,580589,65,0,0,21,2,37,19,2,1,3,0,0,44,2,19,105,0,0,41,0,3,0,42,0
Lubník,Ústí nad Orlicí,Pardubický kraj,259,167,165,1,580619,9,0,0,12,0,3,21,7,0,6,0,0,8,0,3,59,0,0,12,0,0,2,23,0
Lukavice,Ústí nad Orlicí,Pardubický kraj,898,610,604,1,580627,66,1,0,44,1,33,27,5,3,8,1,2,85,0,30,171,2,1,69,5,0,1,47,2
Luková,Ústí nad Orlicí,Pardubický kraj,593,347,346,1,580635,8,3,0,23,1,12,33,3,12,5,0,1,32,1,6,117,0,4,19,0,3,2,61,0
Mistrovice,Ústí nad Orlicí,Pardubický kraj,456,313,313,1,580643,27,0,1,15,1,25,14,7,0,7,0,0,26,0,7,76,1,1,59,1,0,0,45,0
Mladkov,Ústí nad Orlicí,Pardubický kraj,442,289,288,2,580651,11,1,0,19,1,24,28,3,3,4,0,0,33,0,4,79,0,0,19,2,0,2,53,2
Mostek,Ústí nad Orlicí,Pardubický kraj,191,139,139,1,580660,6,0,0,11,1,8,7,1,0,2,0,0,10,0,2,43,0,2,17,0,1,0,27,1
Nasavrky,Ústí nad Orlicí,Pardubický kraj,108,65,65,1,580678,4,0,0,5,0,1,4,0,1,0,0,0,9,0,6,27,0,1,5,0,0,1,1,0
Nekoř,Ústí nad Orlicí,Pardubický kraj,747,520,520,1,580686,32,1,0,30,1,21,16,8,11,4,1,8,59,1,18,138,0,0,115,0,1,1,50,4
Nové Hrady,Ústí nad Orlicí,Pardubický kraj,260,160,159,1,571920,18,0,0,5,0,15,8,2,4,5,1,0,26,0,4,40,0,0,14,0,1,0,16,0
Orlické Podhůří,Ústí nad Orlicí,Pardubický kraj,529,362,359,2,580716,40,1,0,21,0,29,25,0,6,0,0,1,28,0,21,76,0,3,49,4,1,1,49,4
Orličky,Ústí nad Orlicí,Pardubický kraj,249,153,151,1,580724,9,0,0,12,3,10,13,1,0,0,0,0,21,0,6,43,0,0,9,0,0,0,24,0
Ostrov,Ústí nad Orlicí,Pardubický kraj,520,250,247,1,580732,10,0,0,16,0,21,12,2,1,4,0,0,27,0,3,86,0,4,22,1,0,1,36,1
Oucmanice,Ústí nad Orlicí,Pardubický kraj,180,124,123,1,580741,6,0,0,6,0,10,3,3,2,0,1,0,16,1,17,36,0,0,10,0,0,0,12,0
Pastviny,Ústí nad Orlicí,Pardubický kraj,284,194,194,1,580759,21,0,0,5,0,27,13,1,5,4,0,0,13,0,4,42,0,0,44,1,0,0,14,0
Petrovice,Ústí nad Orlicí,Pardubický kraj,202,151,150,1,580767,1,0,0,6,0,16,5,2,2,1,0,0,10,0,6,55,0,0,33,2,0,0,10,1
Písečná,Ústí nad Orlicí,Pardubický kraj,419,296,295,1,580775,25,0,0,6,0,44,6,2,2,9,1,1,52,0,19,79,0,1,16,1,0,1,30,0
Plchovice,Ústí nad Orlicí,Pardubický kraj,59,40,39,1,580783,0,0,0,3,0,0,3,0,0,4,0,0,10,0,2,11,0,0,2,0,0,0,4,0
Podlesí,Ústí nad Orlicí,Pardubický kraj,223,162,161,1,580805,15,1,0,3,0,13,0,2,2,6,0,1,23,0,14,42,0,0,20,0,2,0,17,0
Přívrat,Ústí nad Orlicí,Pardubický kraj,283,200,196,1,580821,17,3,0,11,0,18,8,3,0,3,0,0,21,0,1,69,0,0,18,0,0,1,23,0
Pustina,Ústí nad Orlicí,Pardubický kraj,61,42,42,1,580830,2,0,0,2,0,4,2,1,0,0,0,0,6,0,1,9,0,0,6,1,1,0,6,1
Radhošť,Ústí nad Orlicí,Pardubický kraj,140,109,109,1,575542,3,0,1,6,0,8,14,1,2,0,0,0,13,0,0,27,0,0,17,0,0,0,15,2
Rudoltice,Ústí nad Orlicí,Pardubický kraj,1381,673,670,1,580848,48,1,0,46,1,27,63,8,8,9,1,2,77,2,20,237,0,5,23,0,5,0,85,2
Rybník,Ústí nad Orlicí,Pardubický kraj,637,395,388,1,547905,25,6,0,37,0,5,27,9,7,7,0,3,50,0,8,138,0,0,19,4,3,1,38,1
Řepníky,Ústí nad Orlicí,Pardubický kraj,313,187,185,3,572209,14,0,0,16,1,15,6,4,4,3,1,0,22,0,5,50,0,0,17,0,0,4,23,0
Řetová,Ústí nad Orlicí,Pardubický kraj,561,378,377,1,580872,16,1,0,29,0,23,20,4,5,10,0,1,31,3,9,126,0,1,58,1,2,0,36,1
Řetůvka,Ústí nad Orlicí,Pardubický kraj,227,162,160,1,580881,16,1,0,16,0,6,7,0,1,1,0,0,22,0,5,44,0,0,20,1,0,0,19,1
Sázava,Ústí nad Orlicí,Pardubický kraj,457,280,277,1,574392,21,1,1,6,0,11,10,5,1,2,0,0,21,0,15,115,0,1,18,0,5,0,44,0
Seč,Ústí nad Orlicí,Pardubický kraj,129,98,97,1,580902,11,0,0,12,0,6,2,0,1,0,0,0,9,0,6,34,0,1,6,2,0,3,3,1
Semanín,Ústí nad Orlicí,Pardubický kraj,466,271,270,1,555240,18,4,0,25,0,7,27,2,10,2,0,0,31,1,11,90,2,0,6,1,5,1,27,0
Skořenice,Ústí nad Orlicí,Pardubický kraj,332,194,194,1,580929,11,0,1,7,0,14,22,1,3,1,1,0,17,0,17,57,0,0,10,0,1,1,29,1
Slatina,Ústí nad Orlicí,Pardubický kraj,338,243,242,1,580945,16,0,0,7,1,14,36,2,2,3,0,0,34,0,8,72,0,1,14,2,1,3,26,0
Sobkovice,Ústí nad Orlicí,Pardubický kraj,202,146,145,1,547964,10,0,1,2,0,8,16,1,1,2,0,0,11,0,5,38,0,0,26,2,0,0,21,1
Sopotnice,Ústí nad Orlicí,Pardubický kraj,723,436,432,1,580961,30,1,1,44,1,18,36,4,2,4,0,1,46,0,10,137,0,0,26,1,4,3,62,1
Sruby,Ústí nad Orlicí,Pardubický kraj,466,293,291,1,580970,46,0,0,21,0,21,20,3,3,8,0,0,33,0,7,73,0,0,20,3,1,4,27,1
Stradouň,Ústí nad Orlicí,Pardubický kraj,164,87,87,1,572306,14,0,0,1,0,8,15,1,0,0,0,0,3,0,0,27,0,0,1,1,0,0,16,0
Strážná,Ústí nad Orlicí,Pardubický kraj,83,55,55,1,580988,5,0,0,1,0,0,13,1,0,0,0,0,5,0,1,23,0,0,3,0,0,0,3,0
Studené,Ústí nad Orlicí,Pardubický kraj,149,105,105,1,580996,11,0,0,6,0,12,3,1,0,1,0,0,12,0,3,19,0,0,17,1,0,0,19,0
Sudislav nad Orlicí,Ústí nad Orlicí,Pardubický kraj,105,62,62,1,581003,9,0,0,5,0,2,4,3,0,2,0,0,16,0,4,13,0,0,1,0,0,2,0,1
Sudslava,Ústí nad Orlicí,Pardubický kraj,152,109,107,1,581011,7,0,0,6,0,11,1,1,2,4,0,0,21,2,0,23,0,1,7,1,1,0,18,1
Svatý Jiří,Ústí nad Orlicí,Pardubický kraj,246,183,183,2,580708,10,0,2,13,0,22,8,2,0,0,0,0,16,0,9,69,0,0,10,0,2,0,20,0
Šedivec,Ústí nad Orlicí,Pardubický kraj,159,128,126,1,581038,4,0,0,10,0,6,11,1,2,4,0,1,12,0,5,18,1,0,37,0,0,1,13,0
Tatenice,Ústí nad Orlicí,Pardubický kraj,695,404,398,1,581046,20,0,0,30,0,12,41,6,6,2,1,0,27,1,16,128,0,0,43,7,0,0,58,0
Těchonín,Ústí nad Orlicí,Pardubický kraj,477,339,339,2,581054,31,0,0,26,2,32,35,3,2,1,0,1,31,0,7,102,0,0,9,2,1,1,53,0
Tisová,Ústí nad Orlicí,Pardubický kraj,462,333,330,1,581062,18,1,0,13,0,45,20,0,2,7,0,0,33,0,13,91,0,0,43,1,1,3,36,3
Trpík,Ústí nad Orlicí,Pardubický kraj,61,38,37,1,547921,1,4,0,4,0,2,1,2,0,0,0,0,0,0,3,12,0,0,2,0,0,0,6,0
Třebovice,Ústí nad Orlicí,Pardubický kraj,630,376,375,1,581071,25,10,0,24,0,14,39,1,3,14,1,1,24,0,13,137,0,0,16,1,0,4,47,1
Týnišťko,Ústí nad Orlicí,Pardubický kraj,134,80,79,1,575861,7,0,1,4,0,6,6,0,1,0,0,0,2,1,3,22,0,1,0,0,0,1,16,8
Újezd u Chocně,Ústí nad Orlicí,Pardubický kraj,273,133,133,1,581089,15,0,0,11,0,3,11,2,2,3,0,0,19,0,9,31,0,0,4,0,0,0,22,1
Ústí nad Orlicí,Ústí nad Orlicí,Pardubický kraj,11357,7092,7055,17,579891,841,15,6,578,1,233,516,103,57,132,3,7,845,7,389,2091,1,7,465,37,4,44,660,13
Velká Skrovnice,Ústí nad Orlicí,Pardubický kraj,230,139,139,1,581101,11,0,0,14,1,9,14,2,1,3,0,0,14,0,13,26,0,1,18,0,1,1,10,0
Verměřovice,Ústí nad Orlicí,Pardubický kraj,569,418,413,1,581119,32,2,0,18,1,21,26,4,3,6,1,3,49,0,13,117,1,0,69,2,1,1,43,0
Vinary,Ústí nad Orlicí,Pardubický kraj,104,70,68,1,572489,4,0,0,6,1,12,8,0,0,0,0,0,1,0,0,26,0,0,3,0,0,2,5,0
Voděrady,Ústí nad Orlicí,Pardubický kraj,286,213,211,2,581143,17,2,0,13,1,31,14,2,3,2,0,0,23,0,7,47,0,1,13,0,0,2,32,1
Vraclav,Ústí nad Orlicí,Pardubický kraj,596,400,397,2,581151,37,2,0,17,0,111,26,8,4,0,0,1,37,1,13,81,0,0,5,1,2,4,38,9
Vračovice-Orlov,Ústí nad Orlicí,Pardubický kraj,152,122,122,1,548022,22,3,4,1,0,17,5,2,0,2,0,0,9,0,3,24,0,1,19,1,0,0,9,0
Výprachtice,Ústí nad Orlicí,Pardubický kraj,773,530,526,1,581178,18,0,0,94,1,13,32,7,7,4,1,0,45,0,17,167,0,1,41,2,2,1,71,2
Vysoké Mýto,Ústí nad Orlicí,Pardubický kraj,9691,6036,6001,10,581186,713,9,29,408,3,306,380,104,65,94,3,8,710,8,267,1691,3,12,353,23,8,40,579,185
Zádolí,Ústí nad Orlicí,Pardubický kraj,75,52,52,1,581194,3,0,0,2,0,1,7,0,1,1,0,0,8,0,1,14,0,0,7,0,0,0,7,0
Záchlumí,Ústí nad Orlicí,Pardubický kraj,570,382,377,1,581208,26,0,0,27,1,11,17,8,9,10,1,1,48,0,9,114,0,0,25,2,1,0,67,0
Zálší,Ústí nad Orlicí,Pardubický kraj,194,125,124,1,581216,17,0,0,5,1,10,10,1,0,2,0,0,15,2,3,33,0,0,8,0,0,1,15,1
Zámrsk,Ústí nad Orlicí,Pardubický kraj,600,394,393,1,581224,29,0,2,26,0,44,42,1,2,10,0,0,41,0,9,120,0,2,5,3,2,3,36,16
Zářecká Lhota,Ústí nad Orlicí,Pardubický kraj,159,121,121,1,581232,10,0,7,5,0,14,8,0,1,1,0,0,10,0,5,40,0,4,11,0,0,0,5,0
Žamberk,Ústí nad Orlicí,Pardubický kraj,4902,3122,3105,5,581259,420,1,4,207,2,156,156,40,22,43,2,8,387,1,174,840,2,6,205,17,8,4,396,4
Žampach,Ústí nad Orlicí,Pardubický kraj,244,121,120,1,581267,13,0,2,5,0,2,6,4,3,2,0,0,20,0,1,42,0,0,4,0,0,2,12,2
Žichlínek,Ústí nad Orlicí,Pardubický kraj,768,484,479,1,581275,43,5,0,21,0,20,41,6,8,16,0,0,56,0,12,155,1,0,37,2,0,1,55,0
